scene,algo,gt_coverage,mapped_coverage,path_length_m,ticks
arabic_room,frontier_baseline,0.787273,0.758182,0.900,3
arabic_room,frontier_near,0.787273,0.758182,0.900,3
arabic_room,frontier_far,0.992727,0.930909,21.408,53
arabic_room,frontier_info_heavy,1.000000,0.903636,24.257,61
arabic_room,frontier_no_rescue,0.787273,0.758182,0.900,3
arabic_room,nearest_frontier,0.980000,0.892727,19.238,51
arabic_room,random_frontier,0.952727,0.887273,19.059,47
arabic_room,lawnmower,0.972727,0.916364,33.688,112
chinese_room,frontier_baseline,0.884800,0.651200,19.754,51
chinese_room,frontier_near,0.883200,0.649600,19.291,50
chinese_room,frontier_far,0.883200,0.635200,27.641,74
chinese_room,frontier_info_heavy,0.883200,0.644800,12.460,34
chinese_room,frontier_no_rescue,0.884800,0.651200,19.754,51
chinese_room,nearest_frontier,0.454400,0.465600,3.861,11
chinese_room,random_frontier,0.883200,0.724800,23.109,58
chinese_room,lawnmower,0.894400,0.745600,38.083,121
home_building_1,frontier_baseline,0.599225,0.556221,35.374,88
home_building_1,frontier_near,0.682763,0.511103,68.316,170
home_building_1,frontier_far,0.525555,0.476912,11.035,28
home_building_1,frontier_info_heavy,0.934438,0.683468,122.782,300
home_building_1,frontier_no_rescue,0.599225,0.556221,35.374,88
home_building_1,nearest_frontier,0.810011,0.581248,90.524,231
home_building_1,random_frontier,0.843497,0.681706,122.408,300
home_building_1,lawnmower,0.594290,0.561861,30.835,104
home_building_2,frontier_baseline,0.691275,0.619367,19.632,51
home_building_2,frontier_near,0.854267,0.650048,48.400,122
home_building_2,frontier_far,0.673058,0.584372,9.996,28
home_building_2,frontier_info_heavy,0.673058,0.584372,9.996,28
home_building_2,frontier_no_rescue,0.691275,0.619367,19.632,51
home_building_2,nearest_frontier,0.967881,0.743049,97.063,243
home_building_2,random_frontier,0.954938,0.776606,122.533,300
home_building_2,lawnmower,0.800575,0.727229,38.239,119
hotel_room_1,frontier_baseline,0.750499,0.606786,6.334,16
hotel_room_1,frontier_near,0.750499,0.606786,6.334,16
hotel_room_1,frontier_far,0.750499,0.606786,6.334,16
hotel_room_1,frontier_info_heavy,0.750499,0.606786,6.334,16
hotel_room_1,frontier_no_rescue,0.750499,0.606786,6.334,16
hotel_room_1,nearest_frontier,0.996008,0.654691,28.474,75
hotel_room_1,random_frontier,0.996008,0.732535,57.235,139
hotel_room_1,lawnmower,0.782435,0.696607,33.124,114
hotel_room_2,frontier_baseline,0.838384,0.572391,6.420,16
hotel_room_2,frontier_near,0.666667,0.437710,10.875,27
hotel_room_2,frontier_far,0.956229,0.737374,13.988,35
hotel_room_2,frontier_info_heavy,0.956229,0.737374,13.988,35
hotel_room_2,frontier_no_rescue,0.838384,0.572391,6.420,16
hotel_room_2,nearest_frontier,0.636364,0.508418,7.373,19
hotel_room_2,random_frontier,1.000000,0.811448,27.704,70
hotel_room_2,lawnmower,0.882155,0.804714,35.538,121
japanese_room,frontier_baseline,1.000000,0.864048,7.084,18
japanese_room,frontier_near,1.000000,0.864048,7.084,18
japanese_room,frontier_far,1.000000,0.885196,6.365,17
japanese_room,frontier_info_heavy,1.000000,0.885196,6.365,17
japanese_room,frontier_no_rescue,1.000000,0.864048,7.084,18
japanese_room,nearest_frontier,1.000000,0.867069,3.826,11
japanese_room,random_frontier,1.000000,0.921450,7.353,20
japanese_room,lawnmower,1.000000,0.954683,37.335,122
livingroom_1,frontier_baseline,0.922449,0.704082,14.669,38
livingroom_1,frontier_near,0.922449,0.704082,14.669,38
livingroom_1,frontier_far,0.922449,0.704082,14.669,38
livingroom_1,frontier_info_heavy,0.922449,0.704082,14.669,38
livingroom_1,frontier_no_rescue,0.922449,0.704082,14.669,38
livingroom_1,nearest_frontier,0.928571,0.748980,19.644,51
livingroom_1,random_frontier,0.983673,0.787755,31.072,78
livingroom_1,lawnmower,0.832653,0.800000,36.799,121
livingroom_2,frontier_baseline,0.702101,0.494438,7.605,21
livingroom_2,frontier_near,0.988875,0.688504,31.176,77
livingroom_2,frontier_far,0.998764,0.689740,31.999,81
livingroom_2,frontier_info_heavy,0.998764,0.689740,31.999,81
livingroom_2,frontier_no_rescue,0.702101,0.494438,7.605,21
livingroom_2,nearest_frontier,0.846724,0.662546,20.820,55
livingroom_2,random_frontier,0.977750,0.760198,56.497,142
livingroom_2,lawnmower,0.771323,0.672435,44.042,138
livingroom_3,frontier_baseline,0.955168,0.678705,33.157,80
livingroom_3,frontier_near,0.987547,0.633873,34.751,93
livingroom_3,frontier_far,0.986301,0.661270,31.741,79
livingroom_3,frontier_info_heavy,0.986301,0.657534,31.741,79
livingroom_3,frontier_no_rescue,0.955168,0.678705,33.157,80
livingroom_3,nearest_frontier,0.961395,0.704857,28.827,76
livingroom_3,random_frontier,0.963885,0.748443,26.626,65
livingroom_3,lawnmower,0.902864,0.723537,34.051,110
livingroom_4,frontier_baseline,0.741453,0.525641,10.401,27
livingroom_4,frontier_near,0.974359,0.628205,25.686,67
livingroom_4,frontier_far,0.897436,0.596154,12.600,32
livingroom_4,frontier_info_heavy,0.897436,0.596154,12.600,32
livingroom_4,frontier_no_rescue,0.741453,0.525641,10.401,27
livingroom_4,nearest_frontier,0.967949,0.658120,25.401,65
livingroom_4,random_frontier,0.961538,0.737179,29.074,75
livingroom_4,lawnmower,0.929487,0.764957,52.152,155
loft,frontier_baseline,0.582022,0.465169,6.739,17
loft,frontier_near,0.582022,0.465169,6.739,17
loft,frontier_far,0.582022,0.465169,6.739,17
loft,frontier_info_heavy,0.582022,0.465169,6.739,17
loft,frontier_no_rescue,0.582022,0.465169,6.739,17
loft,nearest_frontier,0.638202,0.503371,17.522,50
loft,random_frontier,0.575281,0.514607,7.294,20
loft,lawnmower,0.878652,0.570787,74.118,209
office_1,frontier_baseline,0.709122,0.514630,8.615,23
office_1,frontier_near,0.709122,0.514630,8.615,23
office_1,frontier_far,0.709122,0.514630,8.615,23
office_1,frontier_info_heavy,0.709122,0.514630,8.615,23
office_1,frontier_no_rescue,0.709122,0.514630,8.615,23
office_1,nearest_frontier,1.000000,0.669535,23.865,63
office_1,random_frontier,0.989673,0.672978,26.758,69
office_1,lawnmower,0.896730,0.623064,33.426,115
office_2,frontier_baseline,0.897655,0.737740,8.761,25
office_2,frontier_near,0.897655,0.737740,8.761,25
office_2,frontier_far,0.955224,0.784648,24.656,61
office_2,frontier_info_heavy,0.897655,0.737740,8.761,25
office_2,frontier_no_rescue,0.897655,0.737740,8.761,25
office_2,nearest_frontier,0.953092,0.808102,11.073,30
office_2,random_frontier,0.997868,0.842217,31.199,78
office_2,lawnmower,0.933902,0.837953,57.866,166
office_building_1,frontier_baseline,0.599088,0.601155,57.148,136
office_building_1,frontier_near,0.599088,0.601155,57.148,136
office_building_1,frontier_far,0.996008,0.975834,130.542,300
office_building_1,frontier_info_heavy,0.996008,0.975834,130.542,300
office_building_1,frontier_no_rescue,0.599088,0.601155,57.148,136
office_building_1,nearest_frontier,0.960365,0.963787,111.212,274
office_building_1,random_frontier,0.848090,0.910037,120.423,300
office_building_1,lawnmower,0.532364,0.669162,38.200,113
office_building_2,frontier_baseline,0.648966,0.665219,130.278,300
office_building_2,frontier_near,0.707754,0.692385,129.680,300
office_building_2,frontier_far,0.840467,0.842542,128.589,300
office_building_2,frontier_info_heavy,0.637247,0.665412,127.481,300
office_building_2,frontier_no_rescue,0.648966,0.665219,130.278,300
office_building_2,nearest_frontier,0.753554,0.758664,113.519,267
office_building_2,random_frontier,0.388842,0.511642,118.277,300
office_building_2,lawnmower,0.296934,0.383732,45.750,124
office_building_2_without_360_cam,frontier_baseline,0.648966,0.665219,130.278,300
office_building_2_without_360_cam,frontier_near,0.707754,0.692385,129.680,300
office_building_2_without_360_cam,frontier_far,0.840467,0.842542,128.589,300
office_building_2_without_360_cam,frontier_info_heavy,0.637247,0.665412,127.481,300
office_building_2_without_360_cam,frontier_no_rescue,0.648966,0.665219,130.278,300
office_building_2_without_360_cam,nearest_frontier,0.753554,0.758664,113.519,267
office_building_2_without_360_cam,random_frontier,0.388842,0.511642,118.277,300
office_building_2_without_360_cam,lawnmower,0.296934,0.383732,45.750,124
studio,frontier_baseline,0.953033,0.839530,9.296,26
studio,frontier_near,1.000000,0.884540,21.125,54
studio,frontier_far,0.964775,0.819961,9.570,27
studio,frontier_info_heavy,0.953033,0.839530,9.296,26
studio,frontier_no_rescue,0.953033,0.839530,9.296,26
studio,nearest_frontier,1.000000,0.892368,17.455,47
studio,random_frontier,0.996086,0.866928,13.568,35
studio,lawnmower,0.933464,0.880626,34.446,115
